id,first_name,last_name,email,gender,ip_address
1,Dayna,Manford,dmanford0@deviantart.com,Female,144.65.29.118
2,Kathy,Round,kround1@symantec.com,Female,43.228.166.161
3,Hillard,Geharke,hgeharke2@china.com.cn,Male,0.105.179.126
4,Kennith,Stansby,kstansby3@cisco.com,Male,167.232.26.128
5,Colene,Phidgin,cphidgin4@bluehost.com,Female,96.67.150.92
6,Sabina,Petruszka,spetruszka5@lulu.com,Female,90.90.184.214
7,Zack,Brok,zbrok6@psu.edu,Male,13.136.0.249
8,Kial,Chevins,kchevins7@upenn.edu,Female,133.221.5.131
9,Cam,Clute,cclute8@w3.org,Female,238.124.6.145
10,Hillary,Beyer,hbeyer9@mediafire.com,Male,109.22.28.119
11,Costanza,Rabidge,crabidgea@hubpages.com,Female,134.24.166.27
12,Saxon,Flowerdew,sflowerdewb@tinypic.com,Male,226.111.96.164
13,Wilone,Hedling,whedlingc@studiopress.com,Female,3.77.246.239
14,Shannon,Tincey,stinceyd@about.com,Female,222.5.72.100
15,Jamal,Glowacki,jglowackie@earthlink.net,Male,219.218.40.7
16,Leighton,Routledge,lroutledgef@cbc.ca,Male,36.116.83.172
17,Noel,Huglin,nhugling@omniture.com,Male,29.201.253.19
18,Aloise,Bevens,abevensh@goo.gl,Female,228.4.123.5
19,Elisabeth,Philippard,ephilippardi@prweb.com,Female,41.63.46.85
20,Adena,Thieme,athiemej@reddit.com,Female,116.59.4.227
21,Salomi,Eastway,seastwayk@craigslist.org,Female,213.64.92.43
22,Arvie,Sillick,asillickl@cisco.com,Male,222.224.97.200
23,Wheeler,Aird,wairdm@icio.us,Male,77.146.133.233
24,Truda,McRitchie,tmcritchien@mac.com,Female,142.59.243.219
25,Germayne,Nast,gnasto@photobucket.com,Male,208.7.69.72
26,Gunther,Kingerby,gkingerbyp@google.ca,Male,250.0.235.223
27,Justino,Stokoe,jstokoeq@pen.io,Male,31.94.111.126
28,Thaxter,Yorath,tyorathr@biglobe.ne.jp,Male,11.87.141.134
29,Gav,Pyle,gpyles@nyu.edu,Male,180.200.29.109
30,Sib,Staining,sstainingt@amazon.co.jp,Female,254.74.143.185
31,Sascha,Hamblen,shamblenu@buzzfeed.com,Male,21.227.128.132
32,Steffen,Elias,seliasv@cdbaby.com,Male,122.254.156.11
33,Rodger,Kondrat,rkondratw@issuu.com,Male,227.244.207.18
34,Chaim,Gudde,cguddex@bluehost.com,Male,173.10.148.244
35,Theda,Burkinshaw,tburkinshawy@people.com.cn,Female,30.44.21.137
36,Sigfried,Worthing,sworthingz@shareasale.com,Male,140.181.82.97
37,Hakeem,Hanaby,hhanaby10@slashdot.org,Male,175.234.35.15
38,Norton,Josefsohn,njosefsohn11@simplemachines.org,Male,230.101.40.146
39,Celestina,Stickles,cstickles12@drupal.org,Female,91.89.11.89
40,Towny,Carlin,tcarlin13@360.cn,Male,143.248.205.249
41,Linet,Croser,lcroser14@cnet.com,Female,140.198.57.84
42,Katuscha,Cucuzza,kcucuzza15@vk.com,Female,74.145.94.116
43,Samuele,Nurden,snurden16@nydailynews.com,Male,201.201.245.223
44,Axe,Feldberger,afeldberger17@netscape.com,Male,143.8.252.126
45,Milt,Daenen,mdaenen18@yellowbook.com,Male,48.42.201.70
46,Atlanta,Deveraux,adeveraux19@google.nl,Female,24.148.4.199
47,Raphaela,St. Aubyn,rstaubyn1a@buzzfeed.com,Female,239.208.85.170
48,Delmor,Drohun,ddrohun1b@nymag.com,Male,90.71.66.112
49,Mohandis,Glader,mglader1c@creativecommons.org,Male,31.61.40.8
50,Maison,Geffe,mgeffe1d@comcast.net,Male,131.76.181.192
51,Rhea,Duffill,rduffill1e@cpanel.net,Female,26.37.159.211
52,Cassaundra,Sesons,csesons1f@addtoany.com,Female,40.5.72.54
53,Carol,Gallo,cgallo1g@army.mil,Female,3.240.222.139
54,Hanan,Deeson,hdeeson1h@myspace.com,Male,46.152.196.71
55,Wyn,Grenkov,wgrenkov1i@ted.com,Male,165.196.232.54
56,Catina,Clipsham,cclipsham1j@multiply.com,Female,238.58.218.245
57,Gavan,Vicioso,gvicioso1k@gizmodo.com,Male,148.9.230.4
58,Elbert,Haggart,ehaggart1l@rediff.com,Male,107.52.191.155
59,Mag,Perrottet,mperrottet1m@sciencedaily.com,Female,252.41.111.50
60,Edan,Adami,eadami1n@ycombinator.com,Male,0.184.166.3
61,Evy,Walsh,ewalsh1o@artisteer.com,Female,251.226.18.44
62,Tobe,Dentith,tdentith1p@ebay.com,Male,15.97.94.173
63,Gard,Rouby,grouby1q@samsung.com,Male,127.17.195.201
64,Rozalie,Valadez,rvaladez1r@independent.co.uk,Female,162.62.119.29
65,Torrence,Huckerbe,thuckerbe1s@ucoz.com,Male,85.48.242.70
66,Violette,Braunle,vbraunle1t@independent.co.uk,Female,28.4.22.227
67,Arlen,Goffe,agoffe1u@hugedomains.com,Male,86.142.34.120
68,Natale,Brabben,nbrabben1v@themeforest.net,Male,205.63.233.162
69,Rosemary,Gunther,rgunther1w@123-reg.co.uk,Female,145.82.144.13
70,Codee,Bonevant,cbonevant1x@bbb.org,Female,192.89.164.124
71,Costanza,Naldrett,cnaldrett1y@creativecommons.org,Female,243.199.248.242
72,Linette,Panons,lpanons1z@prlog.org,Female,49.4.213.25
73,Lorelle,Orrice,lorrice20@independent.co.uk,Female,216.70.228.126
74,Rey,Heinicke,rheinicke21@shinystat.com,Female,98.181.157.168
75,Elfrieda,Whawell,ewhawell22@wunderground.com,Female,125.94.63.138
76,Maddi,Ginnelly,mginnelly23@usa.gov,Female,210.235.198.235
77,Peggi,Zincke,pzincke24@cbslocal.com,Female,115.182.35.31
78,Heddie,Bringloe,hbringloe25@goo.ne.jp,Female,102.26.115.233
79,Monique,Edmead,medmead26@ow.ly,Female,93.146.188.114
80,Baillie,Ambrosini,bambrosini27@jimdo.com,Male,235.68.55.246
81,Gayleen,Cayzer,gcayzer28@sbwire.com,Female,102.232.88.2
82,Barthel,Cruickshanks,bcruickshanks29@ocn.ne.jp,Male,225.128.29.88
83,Eulalie,Arlt,earlt2a@china.com.cn,Female,1.96.8.249
84,Gannon,Breston,gbreston2b@noaa.gov,Male,36.94.222.126
85,Rodrick,Wincer,rwincer2c@japanpost.jp,Male,87.56.203.109
86,Jeannine,Kubecka,jkubecka2d@indiatimes.com,Female,195.24.184.142
87,Chrisy,Blonden,cblonden2e@booking.com,Male,240.77.172.203
88,Joanie,Ionn,jionn2f@yale.edu,Female,69.35.182.234
89,Baxie,Franklyn,bfranklyn2g@vkontakte.ru,Male,49.139.39.141
90,Adler,Duckerin,aduckerin2h@whitehouse.gov,Male,226.31.91.76
91,Bill,Magog,bmagog2i@wordpress.com,Female,31.12.232.179
92,Curr,Sumnall,csumnall2j@dot.gov,Male,137.13.5.83
93,Standford,Brou,sbrou2k@bloomberg.com,Male,40.250.117.85
94,Opaline,Chaimson,ochaimson2l@upenn.edu,Female,92.186.219.146
95,Morten,Trotman,mtrotman2m@zdnet.com,Male,56.189.113.232
96,Milli,Boatwright,mboatwright2n@miitbeian.gov.cn,Female,169.42.205.176
97,Basilio,Keld,bkeld2o@wp.com,Male,68.225.38.134
98,Joelie,Sueter,jsueter2p@webeden.co.uk,Female,106.245.206.104
99,Evania,Corrison,ecorrison2q@ameblo.jp,Female,47.181.64.199
100,Waiter,Marty,wmarty2r@mit.edu,Male,115.30.239.216
101,Wayne,Dreghorn,wdreghorn2s@woothemes.com,Male,70.165.45.102
102,Ronni,Foli,rfoli2t@reference.com,Female,251.217.1.190
103,Angelico,Sutlieff,asutlieff2u@bloglines.com,Male,203.197.178.157
104,Evvy,Scrivens,escrivens2v@si.edu,Female,164.243.90.33
105,Briano,Lamar,blamar2w@nature.com,Male,215.195.237.175
106,Dru,Timoney,dtimoney2x@surveymonkey.com,Female,143.242.181.49
107,Hernando,Autie,hautie2y@dagondesign.com,Male,164.177.30.55
108,Salome,Charopen,scharopen2z@yahoo.com,Female,80.103.17.253
109,Jedd,Dewbury,jdewbury30@narod.ru,Male,119.34.218.114
110,Gert,Wooldridge,gwooldridge31@zdnet.com,Female,165.13.144.183
111,Krishnah,Merchant,kmerchant32@yahoo.co.jp,Male,16.242.210.223
112,Molli,Trussler,mtrussler33@weather.com,Female,10.66.219.108
113,Antoni,Whimper,awhimper34@tamu.edu,Male,124.155.31.244
114,Milka,Mixter,mmixter35@phoca.cz,Female,37.15.113.202
115,Olwen,McElmurray,omcelmurray36@arstechnica.com,Female,206.103.184.193
116,Edmund,Bohey,ebohey37@nba.com,Male,1.143.26.36
117,Kari,Brackenridge,kbrackenridge38@wordpress.com,Female,164.22.143.111
118,Anneliese,Halliwell,ahalliwell39@barnesandnoble.com,Female,131.64.196.204
119,Sharyl,Nobriga,snobriga3a@soup.io,Female,138.227.130.114
120,Dante,Olenchikov,dolenchikov3b@vinaora.com,Male,67.210.41.138
121,Mariya,Loades,mloades3c@google.it,Female,167.107.56.49
122,Mac,Dunrige,mdunrige3d@1und1.de,Male,143.92.7.6
123,Josselyn,Munn,jmunn3e@cocolog-nifty.com,Female,133.167.101.91
124,Janetta,Raoux,jraoux3f@opensource.org,Female,36.207.253.235
125,Humberto,Eates,heates3g@ustream.tv,Male,202.230.222.230
126,Egor,McGown,emcgown3h@mozilla.com,Male,97.217.188.97
127,Birk,Walasik,bwalasik3i@tumblr.com,Male,6.235.50.140
128,Gavan,O'Monahan,gomonahan3j@typepad.com,Male,211.205.225.38
129,Doti,Cestard,dcestard3k@newsvine.com,Female,43.31.149.12
130,Pooh,Nisco,pnisco3l@engadget.com,Female,41.243.102.145
131,Mikaela,Carous,mcarous3m@opera.com,Female,197.107.191.190
132,Milka,Guislin,mguislin3n@yahoo.co.jp,Female,2.81.99.48
133,Carlyle,Donnachie,cdonnachie3o@paypal.com,Male,54.83.106.98
134,Golda,Narup,gnarup3p@t.co,Female,236.97.196.60
135,Lemar,Pickup,lpickup3q@wikispaces.com,Male,128.227.166.8
136,Sanson,Stathor,sstathor3r@si.edu,Male,209.181.208.108
137,Marwin,Child,mchild3s@theglobeandmail.com,Male,133.194.186.168
138,Heywood,Rannigan,hrannigan3t@phoca.cz,Male,89.104.137.59
139,Cristine,Fackrell,cfackrell3u@elpais.com,Female,107.227.171.87
140,Kessiah,Posen,kposen3v@si.edu,Female,24.102.152.237
141,Kirbie,Curphey,kcurphey3w@e-recht24.de,Female,212.31.35.74
142,Danie,Escofier,descofier3x@live.com,Male,36.27.17.31
143,Eduard,Tolossi,etolossi3y@lycos.com,Male,161.139.211.63
144,Myrtie,Loch,mloch3z@ocn.ne.jp,Female,164.60.103.96
145,Parsifal,Nock,pnock40@wsj.com,Male,140.184.255.130
146,Bell,Arnolds,barnolds41@disqus.com,Female,14.23.191.122
147,Wilbert,Peaple,wpeaple42@nbcnews.com,Male,111.247.156.161
148,Debra,Chinnock,dchinnock43@sbwire.com,Female,68.41.60.51
149,Estella,Ingerson,eingerson44@globo.com,Female,227.29.125.48
150,Sawyere,Willoughey,swilloughey45@cnn.com,Male,5.89.68.11
151,Jere,Yurygyn,jyurygyn46@uiuc.edu,Female,83.92.215.230
152,Thatcher,Denziloe,tdenziloe47@about.me,Male,14.32.133.198
153,L;urette,Bushrod,lbushrod48@washington.edu,Female,154.136.118.221
154,Ingmar,Tweddle,itweddle49@cisco.com,Male,89.187.196.184
155,Danny,Gillicuddy,dgillicuddy4a@phoca.cz,Male,133.31.189.126
156,Averil,Zimek,azimek4b@bing.com,Female,197.60.147.227
157,Frayda,Ramelot,framelot4c@rediff.com,Female,121.99.39.85
158,Kaile,Osan,kosan4d@technorati.com,Female,127.112.178.4
159,Antone,Othen,aothen4e@hexun.com,Male,171.172.124.22
160,Reeba,Blackaller,rblackaller4f@sphinn.com,Female,138.58.181.66
161,Alison,Cayette,acayette4g@elpais.com,Female,248.66.95.212
162,Marius,Brandham,mbrandham4h@merriam-webster.com,Male,45.251.69.204
163,See,Yokelman,syokelman4i@cisco.com,Male,131.96.147.145
164,Linnea,McGing,lmcging4j@squarespace.com,Female,4.241.40.148
165,Michelina,Hamlett,mhamlett4k@webeden.co.uk,Female,233.63.119.31
166,Floria,Meegin,fmeegin4l@theatlantic.com,Female,146.163.28.121
167,Raddy,Hathwood,rhathwood4m@booking.com,Male,236.118.194.142
168,Dora,Rowley,drowley4n@narod.ru,Female,201.233.101.48
169,Cecilia,Devin,cdevin4o@xing.com,Female,156.34.178.64
170,Ruprecht,Antonignetti,rantonignetti4p@shutterfly.com,Male,56.240.115.144
171,Paco,Briereton,pbriereton4q@fotki.com,Male,42.237.151.85
172,Lilah,Colclough,lcolclough4r@icio.us,Female,138.178.108.62
173,Analiese,Pinks,apinks4s@biglobe.ne.jp,Female,143.53.163.177
174,Eldon,Luten,eluten4t@wikimedia.org,Male,128.76.252.113
175,Jaine,Sollars,jsollars4u@cbsnews.com,Female,162.91.136.105
176,Caron,McLorinan,cmclorinan4v@parallels.com,Female,1.20.224.157
177,Cull,Weatherburn,cweatherburn4w@so-net.ne.jp,Male,195.240.180.66
178,Prince,Lantry,plantry4x@wix.com,Male,243.240.179.71
179,Kessiah,Fenby,kfenby4y@dailymail.co.uk,Female,171.6.44.147
180,Tomkin,Montfort,tmontfort4z@ow.ly,Male,68.137.220.92
181,Ramon,Wahner,rwahner50@devhub.com,Male,69.179.156.254
182,Orelie,Feaster,ofeaster51@wix.com,Female,229.35.228.109
183,Guillema,Ascough,gascough52@bloglines.com,Female,162.159.128.18
184,Sharity,Rowan,srowan53@youtu.be,Female,187.24.225.12
185,Ros,Nelhams,rnelhams54@spotify.com,Female,57.58.27.160
186,Mickey,Aylett,maylett55@cam.ac.uk,Male,228.236.29.29
187,Doralyn,Barlas,dbarlas56@mozilla.com,Female,247.220.84.74
188,Ajay,Haughin,ahaughin57@businessweek.com,Female,238.229.108.11
189,Gualterio,Poe,gpoe58@networksolutions.com,Male,147.4.171.44
190,Rodi,Levey,rlevey59@vistaprint.com,Female,98.169.88.21
191,Giacobo,Greason,ggreason5a@merriam-webster.com,Male,87.130.199.8
192,Delcina,Jennison,djennison5b@twitpic.com,Female,81.127.214.138
193,Emmet,Llewellin,ellewellin5c@meetup.com,Male,122.56.54.234
194,Carver,Matussov,cmatussov5d@statcounter.com,Male,75.233.111.4
195,L;urette,Stanlike,lstanlike5e@bizjournals.com,Female,250.164.40.181
196,Barry,Aldritt,baldritt5f@photobucket.com,Female,228.105.196.87
197,Alfonso,Asser,aasser5g@nature.com,Male,76.200.135.144
198,Adelina,Battaille,abattaille5h@ucoz.ru,Female,106.226.94.54
199,Marjy,Huggill,mhuggill5i@e-recht24.de,Female,233.174.204.42
200,Ashlie,Longfoot,alongfoot5j@tripadvisor.com,Female,68.95.229.106
201,Talya,Lutz,tlutz5k@comsenz.com,Female,157.224.224.35
202,Cort,Strangward,cstrangward5l@weebly.com,Male,44.6.86.58
203,Rosene,Bellison,rbellison5m@deviantart.com,Female,8.91.189.174
204,Dari,Seeler,dseeler5n@ihg.com,Female,22.192.69.144
205,Madge,Pay,mpay5o@hud.gov,Female,11.87.8.180
206,Lotti,Farquhar,lfarquhar5p@mtv.com,Female,127.128.48.174
207,Eveleen,Willett,ewillett5q@zimbio.com,Female,205.85.170.4
208,Lucila,Geri,lgeri5r@gravatar.com,Female,194.175.249.81
209,Nerissa,McInerney,nmcinerney5s@yale.edu,Female,192.231.44.152
210,Ethe,Stack,estack5t@addtoany.com,Male,82.148.121.157
211,Charita,McKibbin,cmckibbin5u@theguardian.com,Female,174.66.206.244
212,Christy,Khalid,ckhalid5v@studiopress.com,Male,23.23.60.118
213,Stillmann,Sarginson,ssarginson5w@mayoclinic.com,Male,30.134.44.174
214,Fidel,Sansom,fsansom5x@ft.com,Male,79.129.185.226
215,Rhea,Grog,rgrog5y@businessweek.com,Female,9.151.165.205
216,Salim,Lawday,slawday5z@google.cn,Male,63.31.255.87
217,Stu,Brach,sbrach60@netlog.com,Male,124.253.30.151
218,Duffy,Wahlberg,dwahlberg61@networkadvertising.org,Male,254.49.177.154
219,Caril,Arkill,carkill62@gmpg.org,Female,233.12.127.26
220,Emory,Rarity,erarity63@clickbank.net,Male,13.67.70.117
221,Mollie,Denidge,mdenidge64@zimbio.com,Female,144.114.217.119
222,Wesley,Glasser,wglasser65@free.fr,Male,211.233.219.128
223,Rudiger,Headings,rheadings66@vk.com,Male,3.160.238.137
224,Wakefield,Rillett,wrillett67@senate.gov,Male,121.88.33.211
225,Celene,Donnison,cdonnison68@wordpress.org,Female,12.248.243.249
226,Rainer,Mourant,rmourant69@arstechnica.com,Male,28.184.160.252
227,Melamie,Wigginton,mwigginton6a@feedburner.com,Female,102.252.35.82
228,Noby,Domsalla,ndomsalla6b@ebay.com,Male,86.167.7.105
229,Daune,Lafond,dlafond6c@booking.com,Female,126.142.227.74
230,Phebe,Surridge,psurridge6d@walmart.com,Female,72.110.109.108
231,Sherlock,Caush,scaush6e@java.com,Male,103.125.111.181
232,Omar,Eustanch,oeustanch6f@goodreads.com,Male,19.17.1.34
233,Valle,Kermeen,vkermeen6g@sun.com,Male,163.228.8.93
234,Rhett,Goward,rgoward6h@google.com.au,Male,203.195.175.146
235,Hanni,Buss,hbuss6i@mac.com,Female,71.76.5.123
236,Lawrence,Visco,lvisco6j@xing.com,Male,5.2.245.76
237,Neal,Engledow,nengledow6k@theatlantic.com,Male,195.151.203.25
238,Kerby,Cameli,kcameli6l@ft.com,Male,228.126.121.112
239,Shay,Yeomans,syeomans6m@over-blog.com,Female,83.134.30.173
240,Sheila,Seabridge,sseabridge6n@wunderground.com,Female,50.200.72.167
241,Karola,Clotworthy,kclotworthy6o@jiathis.com,Female,238.29.213.171
242,Klarrisa,Scneider,kscneider6p@gov.uk,Female,93.75.210.216
243,Ruperta,Crossgrove,rcrossgrove6q@microsoft.com,Female,122.215.119.144
244,Garwin,Gerren,ggerren6r@samsung.com,Male,171.15.168.180
245,Jodee,Twist,jtwist6s@topsy.com,Female,116.189.71.48
246,Amalia,Ellens,aellens6t@slate.com,Female,116.103.25.103
247,Donia,Ollcott,dollcott6u@independent.co.uk,Female,216.213.122.42
248,Natka,Wadman,nwadman6v@t.co,Female,149.82.3.146
249,Valli,Blackford,vblackford6w@netscape.com,Female,89.198.39.108
250,Montague,Fairham,mfairham6x@jiathis.com,Male,171.216.49.211
251,Jeremie,Satcher,jsatcher6y@icq.com,Male,203.178.48.186
252,Justin,Cars,jcars6z@ed.gov,Male,22.195.47.222
253,Nessi,Grisedale,ngrisedale70@ow.ly,Female,177.218.191.70
254,Gustave,Gallaher,ggallaher71@fotki.com,Male,169.8.89.83
255,Shea,Whitmarsh,swhitmarsh72@twitpic.com,Male,10.121.187.0
256,Fina,Arnaudin,farnaudin73@irs.gov,Female,60.12.189.130
257,Rafaelia,Paffley,rpaffley74@ibm.com,Female,81.111.160.193
258,Christiane,Nickell,cnickell75@so-net.ne.jp,Female,5.242.94.246
259,Rubia,McDonnell,rmcdonnell76@macromedia.com,Female,12.28.85.136
260,Carolann,Culbert,cculbert77@cmu.edu,Female,56.39.228.73
261,Jena,Glanton,jglanton78@redcross.org,Female,167.57.254.206
262,Ken,Melia,kmelia79@gravatar.com,Male,255.97.207.138
263,Guinevere,Kepp,gkepp7a@woothemes.com,Female,192.16.222.14
264,Blaire,Schuster,bschuster7b@yolasite.com,Female,59.193.53.235
265,Kim,Creelman,kcreelman7c@cdbaby.com,Male,187.39.56.199
266,Jud,Routhorn,jrouthorn7d@weibo.com,Male,213.40.142.179
267,Madison,Webster,mwebster7e@fc2.com,Male,99.17.130.61
268,Devora,Odegaard,dodegaard7f@lulu.com,Female,49.165.98.254
269,Vachel,Dillintone,vdillintone7g@sciencedaily.com,Male,221.0.37.116
270,Huberto,Lidgard,hlidgard7h@google.com.br,Male,39.160.2.175
271,Marni,Goley,mgoley7i@weibo.com,Female,209.75.172.245
272,Wilt,Phoenix,wphoenix7j@seattletimes.com,Male,10.229.247.28
273,Dolf,Slater,dslater7k@netscape.com,Male,143.8.37.134
274,Alasdair,Marquand,amarquand7l@seesaa.net,Male,99.8.219.145
275,Clemmy,Hause,chause7m@google.de,Male,205.52.204.187
276,Helenka,Dagless,hdagless7n@hubpages.com,Female,15.69.47.15
277,Prue,Jimpson,pjimpson7o@smh.com.au,Female,10.140.159.171
278,Amelia,Slorach,aslorach7p@shop-pro.jp,Female,15.85.250.113
279,Grover,Colafate,gcolafate7q@hostgator.com,Male,184.146.90.111
280,Nevsa,Agar,nagar7r@multiply.com,Female,130.187.98.94
281,Valentine,De Clairmont,vdeclairmont7s@dyndns.org,Female,105.185.167.220
282,Gayla,Zanitti,gzanitti7t@cmu.edu,Female,64.0.54.121
283,Rycca,Brokenshire,rbrokenshire7u@sphinn.com,Female,57.117.18.112
284,Ashlie,Spurr,aspurr7v@tripod.com,Female,40.148.234.163
285,Maribeth,Cushion,mcushion7w@google.es,Female,140.26.226.235
286,Kat,Bownde,kbownde7x@vistaprint.com,Female,33.183.4.53
287,Jeremiah,Bartunek,jbartunek7y@wordpress.org,Male,61.102.161.226
288,Caprice,Hamlin,chamlin7z@xing.com,Female,140.224.74.220
289,Herve,Truce,htruce80@soundcloud.com,Male,11.204.113.196
290,Buddie,Thompsett,bthompsett81@constantcontact.com,Male,45.237.51.137
291,Barbaraanne,Murkus,bmurkus82@vk.com,Female,26.128.112.54
292,Jaymee,Duddan,jduddan83@eventbrite.com,Female,217.105.157.182
293,Cristal,O' Cloney,cocloney84@nbcnews.com,Female,245.64.149.97
294,Aurora,Phillcock,aphillcock85@google.cn,Female,126.220.160.255
295,Leontine,Killingworth,lkillingworth86@oaic.gov.au,Female,51.207.147.155
296,Laverna,Melding,lmelding87@bbc.co.uk,Female,236.196.21.60
297,Paxton,Eyckelbeck,peyckelbeck88@soundcloud.com,Male,141.61.124.164
298,Wendi,Salisbury,wsalisbury89@oaic.gov.au,Female,97.72.199.230
299,Grier,Chitty,gchitty8a@symantec.com,Female,3.43.189.220
300,Brandy,Southcomb,bsouthcomb8b@opera.com,Female,185.230.191.24
301,Carole,Gleadhall,cgleadhall8c@earthlink.net,Female,250.225.207.171
302,Theodora,Halsey,thalsey8d@spotify.com,Female,48.122.136.123
303,Orbadiah,Baynton,obaynton8e@github.io,Male,131.30.115.21
304,Lib,Fearn,lfearn8f@statcounter.com,Female,79.179.187.215
305,Fleurette,Pugh,fpugh8g@photobucket.com,Female,119.75.196.145
306,Fabien,Pawden,fpawden8h@admin.ch,Male,199.139.48.139
307,Garfield,Melin,gmelin8i@tripod.com,Male,37.126.252.12
308,Almira,Praill,apraill8j@fda.gov,Female,33.112.228.21
309,Rollin,Goadby,rgoadby8k@jugem.jp,Male,42.9.103.49
310,Dickie,Lafferty,dlafferty8l@ycombinator.com,Male,174.69.144.154
311,Ashton,Hickisson,ahickisson8m@cnbc.com,Male,216.49.87.158
312,Mayer,Guilloneau,mguilloneau8n@bravesites.com,Male,27.111.58.56
313,Ezechiel,Henbury,ehenbury8o@sourceforge.net,Male,49.114.231.41
314,Jacquenette,Strutton,jstrutton8p@china.com.cn,Female,21.178.82.241
315,Rose,Craster,rcraster8q@redcross.org,Female,200.32.41.157
316,Brinn,Chezier,bchezier8r@java.com,Female,220.115.12.10
317,Jule,Feye,jfeye8s@opera.com,Male,207.101.112.221
318,Daren,Adne,dadne8t@buzzfeed.com,Male,156.190.95.119
319,Noella,Vankin,nvankin8u@fda.gov,Female,134.206.199.244
320,Doy,Desantis,ddesantis8v@usa.gov,Male,7.138.74.41
321,Craggy,Casaccia,ccasaccia8w@free.fr,Male,40.137.92.84
322,Shirlee,Crossgrove,scrossgrove8x@state.tx.us,Female,233.142.48.213
323,Garek,Withams,gwithams8y@fda.gov,Male,104.65.3.171
324,Aigneis,Grimm,agrimm8z@yellowbook.com,Female,42.12.70.78
325,Silvan,Stuther,sstuther90@fastcompany.com,Male,185.162.238.78
326,Konstantin,Benardette,kbenardette91@nature.com,Male,24.202.248.95
327,Jillane,Burnall,jburnall92@nymag.com,Female,153.20.77.10
328,Brittne,Graffin,bgraffin93@marriott.com,Female,98.195.185.107
329,Ashlie,Buncom,abuncom94@drupal.org,Female,172.67.108.142
330,Teddy,Gumby,tgumby95@ucoz.com,Male,14.78.87.29
331,Gaile,Bampkin,gbampkin96@wikipedia.org,Male,135.176.185.246
332,Kym,Tattershall,ktattershall97@oracle.com,Female,34.243.70.119
333,Carolee,Gladdin,cgladdin98@weather.com,Female,51.158.237.232
334,Witty,Borborough,wborborough99@walmart.com,Male,50.215.242.181
335,Raimundo,Mingard,rmingard9a@simplemachines.org,Male,144.52.212.238
336,Auberta,Ruusa,aruusa9b@bravesites.com,Female,167.238.135.112
337,Pietro,Northcliffe,pnorthcliffe9c@home.pl,Male,223.105.223.138
338,Bret,Blesdill,bblesdill9d@scientificamerican.com,Male,129.89.31.119
339,Celinka,Vannuccinii,cvannuccinii9e@usda.gov,Female,223.95.48.180
340,Rudd,Thurman,rthurman9f@cafepress.com,Male,73.77.179.133
341,Dori,Van Eeden,dvaneeden9g@github.com,Female,69.69.13.48
342,Letitia,Fanthom,lfanthom9h@desdev.cn,Female,251.111.5.100
343,Isac,Ericssen,iericssen9i@wikispaces.com,Male,16.214.131.250
344,Garvy,Rangell,grangell9j@icq.com,Male,84.229.128.53
345,Lacie,Striker,lstriker9k@desdev.cn,Female,89.173.30.197
346,Judie,Maleck,jmaleck9l@zdnet.com,Female,17.110.211.34
347,Yard,Diable,ydiable9m@surveymonkey.com,Male,96.59.255.79
348,Sandro,Veasey,sveasey9n@wordpress.com,Male,38.104.121.44
349,Troy,Minors,tminors9o@woothemes.com,Male,192.94.75.45
350,Bev,Beagles,bbeagles9p@google.co.jp,Female,225.24.92.21
351,Evan,Snellman,esnellman9q@bluehost.com,Male,88.62.123.104
352,Sonnie,Benedite,sbenedite9r@seesaa.net,Female,105.117.8.237
353,Gusella,Parradine,gparradine9s@mashable.com,Female,6.187.111.240
354,Dilly,Goodfellowe,dgoodfellowe9t@prnewswire.com,Male,154.187.189.197
355,Joachim,Grievson,jgrievson9u@disqus.com,Male,201.79.138.34
356,Cordelie,McKenny,cmckenny9v@smh.com.au,Female,221.102.238.254
357,Christiane,Tredwell,ctredwell9w@quantcast.com,Female,94.34.238.72
358,Gustav,Petrelluzzi,gpetrelluzzi9x@washington.edu,Male,220.16.83.215
359,Burke,Gibbeson,bgibbeson9y@smugmug.com,Male,47.203.8.70
360,Georgie,Bungey,gbungey9z@hc360.com,Female,196.197.158.124
361,Abagail,Arghent,aarghenta0@wordpress.com,Female,105.169.201.145
362,Flory,de Courcey,fdecourceya1@123-reg.co.uk,Female,8.246.78.126
363,Pamela,Lugg,plugga2@senate.gov,Female,185.212.205.163
364,Rasla,Hendriks,rhendriksa3@arstechnica.com,Female,204.68.152.188
365,Lulu,Tilbrook,ltilbrooka4@themeforest.net,Female,143.113.154.100
366,Sarene,Hirsch,shirscha5@msu.edu,Female,30.181.211.71
367,Tabbitha,Kinsman,tkinsmana6@aol.com,Female,226.26.62.107
368,Oralie,Romanini,oromaninia7@delicious.com,Female,187.194.79.33
369,Denna,Winthrop,dwinthropa8@parallels.com,Female,135.111.127.27
370,Normy,Humes,nhumesa9@boston.com,Male,78.172.99.226
371,Manuel,McKeowon,mmckeowonaa@washingtonpost.com,Male,118.215.153.90
372,Bronson,Cossem,bcossemab@eventbrite.com,Male,164.215.161.183
373,Marlo,Ismail,mismailac@geocities.com,Female,242.206.211.212
374,Wilden,Joslyn,wjoslynad@tiny.cc,Male,99.206.226.134
375,Gayle,Pierro,gpierroae@newyorker.com,Male,132.16.187.98
376,Cyndia,Deppen,cdeppenaf@tinyurl.com,Female,53.4.214.64
377,Garrik,Bansal,gbansalag@livejournal.com,Male,19.209.74.10
378,Raddy,Gowland,rgowlandah@t.co,Male,139.254.15.63
379,Abby,Deneve,adeneveai@edublogs.org,Male,54.19.31.215
380,Fidel,Felmingham,ffelminghamaj@ning.com,Male,175.245.107.51
381,Cull,Widdows,cwiddowsak@samsung.com,Male,235.46.159.131
382,Zaccaria,Took,ztookal@zimbio.com,Male,204.34.102.39
383,Carly,Markie,cmarkieam@fastcompany.com,Male,229.233.3.165
384,Danella,Chappell,dchappellan@jalbum.net,Female,130.133.1.207
385,Scott,Eby,sebyao@gmpg.org,Male,7.190.0.160
386,Danella,Commucci,dcommucciap@artisteer.com,Female,155.200.234.137
387,Anson,Greguol,agreguolaq@gizmodo.com,Male,180.187.99.246
388,Sylvester,Canniffe,scanniffear@unc.edu,Male,60.215.25.216
389,Tommi,Dofty,tdoftyas@microsoft.com,Female,203.178.93.158
390,Merrili,Belliard,mbelliardat@slideshare.net,Female,244.123.91.168
391,Waverly,Coaster,wcoasterau@addtoany.com,Male,116.204.236.80
392,Parker,Gore,pgoreav@thetimes.co.uk,Male,232.169.100.64
393,Morlee,Northall,mnorthallaw@discuz.net,Male,45.121.93.78
394,Tadeas,Lintott,tlintottax@prnewswire.com,Male,138.76.30.161
395,Pasquale,Dudgeon,pdudgeonay@histats.com,Male,86.212.205.209
396,Riccardo,Orneles,rornelesaz@dagondesign.com,Male,133.166.169.113
397,Vlad,Srawley,vsrawleyb0@slate.com,Male,163.225.236.28
398,Milissent,Aizikovitz,maizikovitzb1@intel.com,Female,207.130.40.44
399,Fields,Gofton,fgoftonb2@nba.com,Male,9.217.157.136
400,Christan,Machen,cmachenb3@narod.ru,Female,248.26.78.226
401,Hamilton,Mullaly,hmullalyb4@example.com,Male,162.212.128.115
402,Norbie,Brayson,nbraysonb5@fastcompany.com,Male,252.89.178.112
403,Mia,Lathy,mlathyb6@artisteer.com,Female,223.105.138.98
404,Falkner,Carbett,fcarbettb7@go.com,Male,232.34.181.127
405,Sascha,Ritchings,sritchingsb8@mediafire.com,Female,46.152.75.109
406,Aleksandr,Pritchett,apritchettb9@usda.gov,Male,105.52.52.65
407,Linnea,O'Currine,locurrineba@shutterfly.com,Female,154.40.33.19
408,Kareem,Eastway,keastwaybb@baidu.com,Male,251.115.42.198
409,Correy,Lornsen,clornsenbc@sbwire.com,Female,203.91.214.91
410,Gwenette,Stapford,gstapfordbd@tinyurl.com,Female,9.94.195.234
411,Sashenka,Vasnev,svasnevbe@reverbnation.com,Female,68.39.7.74
412,Paco,Bigham,pbighambf@shop-pro.jp,Male,39.61.115.29
413,Carlee,Tenwick,ctenwickbg@ning.com,Female,142.254.143.180
414,Joey,MacGahey,jmacgaheybh@sogou.com,Female,33.83.87.59
415,Latia,Itzcovich,litzcovichbi@google.nl,Female,228.25.229.231
416,Cinnamon,Thying,cthyingbj@fc2.com,Female,79.125.34.5
417,Jorey,Keywood,jkeywoodbk@amazon.co.jp,Female,4.8.140.62
418,Evelin,Studd,estuddbl@furl.net,Male,210.66.167.254
419,Kalina,Attyeo,kattyeobm@guardian.co.uk,Female,239.156.208.170
420,Bastien,Mille,bmillebn@biglobe.ne.jp,Male,151.111.155.87
421,Gillan,Lapslie,glapsliebo@prnewswire.com,Female,186.95.103.145
422,Tierney,Rockwell,trockwellbp@feedburner.com,Female,127.6.160.88
423,Hanna,Heather,hheatherbq@nyu.edu,Female,118.131.74.186
424,Lincoln,Gummary,lgummarybr@blogtalkradio.com,Male,208.29.148.39
425,Claiborn,Pether,cpetherbs@behance.net,Male,210.222.170.213
426,Cherye,Simek,csimekbt@netlog.com,Female,50.36.205.1
427,Brigida,Laingmaid,blaingmaidbu@msn.com,Female,127.128.196.85
428,Westbrook,Birk,wbirkbv@techcrunch.com,Male,160.3.213.226
429,Gothart,Baddeley,gbaddeleybw@adobe.com,Male,101.171.104.206
430,Lorna,Mixter,lmixterbx@noaa.gov,Female,122.234.19.210
431,Hermie,Capelle,hcapelleby@umn.edu,Male,23.112.228.230
432,Markos,Attew,mattewbz@ovh.net,Male,126.180.168.34
433,Packston,Erington,peringtonc0@uol.com.br,Male,45.215.47.240
434,Evelin,Kenafaque,ekenafaquec1@paginegialle.it,Male,25.157.234.78
435,Chevy,Jowsey,cjowseyc2@archive.org,Male,57.176.12.69
436,Keefe,Wysome,kwysomec3@github.io,Male,90.140.163.97
437,Jo,Cawkwell,jcawkwellc4@timesonline.co.uk,Female,50.168.157.194
438,Imojean,Daverin,idaverinc5@guardian.co.uk,Female,104.94.105.72
439,Gay,Peete,gpeetec6@taobao.com,Female,86.236.201.31
440,Guilbert,Weekland,gweeklandc7@theatlantic.com,Male,55.7.29.139
441,Cyril,Tuckwell,ctuckwellc8@cam.ac.uk,Male,77.240.207.111
442,Prinz,Dadge,pdadgec9@delicious.com,Male,172.72.151.35
443,Pebrook,Scawn,pscawnca@imdb.com,Male,99.239.34.65
444,Cris,Coom,ccoomcb@businesswire.com,Female,196.245.149.6
445,Bennie,Dixson,bdixsoncc@mapquest.com,Male,1.87.3.50
446,Aeriela,Milbank,amilbankcd@sakura.ne.jp,Female,215.219.221.157
447,Betteann,Connikie,bconnikiece@com.com,Female,242.236.233.71
448,Izak,Blowfield,iblowfieldcf@mail.ru,Male,138.147.133.239
449,Martita,Weerdenburg,mweerdenburgcg@oakley.com,Female,112.201.249.248
450,Cordey,Cuseck,ccuseckch@nydailynews.com,Female,110.138.194.120
451,Sadella,Cisland,scislandci@blog.com,Female,16.84.140.102
452,Lacie,Cohn,lcohncj@cocolog-nifty.com,Female,210.164.218.56
453,Edwin,Ouslem,eouslemck@independent.co.uk,Male,219.78.238.176
454,Lela,Kupka,lkupkacl@wikia.com,Female,218.206.46.94
455,Dell,Gerald,dgeraldcm@yahoo.co.jp,Male,7.122.125.23
456,Miguel,Vinas,mvinascn@slate.com,Male,43.110.44.253
457,Arney,Ayliffe,aayliffeco@sohu.com,Male,221.111.227.104
458,Ursuline,Heiden,uheidencp@360.cn,Female,224.255.103.192
459,Jocko,Blacktin,jblacktincq@dot.gov,Male,179.159.210.238
460,L;urette,Gorch,lgorchcr@wix.com,Female,41.178.241.202
461,Ophelie,Tonks,otonkscs@blog.com,Female,11.248.184.69
462,Licha,Macallam,lmacallamct@fema.gov,Female,192.203.13.117
463,Junie,Saterweyte,jsaterweytecu@japanpost.jp,Female,137.77.78.143
464,Mortimer,Castellucci,mcastelluccicv@soup.io,Male,1.211.225.103
465,Edvard,Sanders,esanderscw@wunderground.com,Male,120.99.120.220
466,Sara-ann,Purkiss,spurkisscx@google.it,Female,95.0.137.162
467,Wileen,Hemeret,whemeretcy@is.gd,Female,179.193.241.13
468,Isac,Brun,ibruncz@psu.edu,Male,237.141.180.9
469,Fallon,Peacocke,fpeacocked0@behance.net,Female,84.70.81.19
470,Domenico,Croom,dcroomd1@google.com.br,Male,124.43.219.147
471,Farly,Way,fwayd2@about.me,Male,166.50.18.204
472,Gretna,Westcott,gwestcottd3@hao123.com,Female,37.34.241.225
473,Richmound,Piwell,rpiwelld4@nhs.uk,Male,191.246.43.39
474,Desmond,Egdale,degdaled5@nasa.gov,Male,214.43.236.165
475,Theresita,Hatchett,thatchettd6@gizmodo.com,Female,154.1.211.132
476,Jephthah,Rosborough,jrosboroughd7@eepurl.com,Male,220.86.169.219
477,Sybille,Fahy,sfahyd8@sciencedaily.com,Female,54.187.200.114
478,Harlan,Fontanet,hfontanetd9@columbia.edu,Male,120.94.196.196
479,Arden,Spilling,aspillingda@seattletimes.com,Female,109.84.146.233
480,Jana,Prantl,jprantldb@ted.com,Female,224.89.247.59
481,Petronilla,Gower,pgowerdc@icq.com,Female,81.7.237.122
482,Lyman,Tesauro,ltesaurodd@wired.com,Male,25.81.40.77
483,Wallie,Wherrit,wwherritde@umich.edu,Female,40.85.194.54
484,Renault,Danelut,rdanelutdf@adobe.com,Male,210.213.200.200
485,Blinny,Salmon,bsalmondg@miitbeian.gov.cn,Female,149.206.2.68
486,Mychal,Kingswold,mkingswolddh@joomla.org,Male,63.24.245.102
487,Salvidor,Cianni,sciannidi@opensource.org,Male,173.88.47.255
488,Cloe,Pooley,cpooleydj@hubpages.com,Female,224.33.118.78
489,Jeane,Graffin,jgraffindk@topsy.com,Female,156.114.224.226
490,Blakelee,Dunabie,bdunabiedl@last.fm,Female,211.159.7.238
491,Jorge,Sante,jsantedm@blogger.com,Male,250.237.74.37
492,Bambie,Huet,bhuetdn@about.me,Female,15.239.200.148
493,Lucien,Bithell,lbithelldo@shinystat.com,Male,245.49.90.252
494,Pier,Neicho,pneichodp@wp.com,Female,49.127.246.248
495,Thornton,Cleef,tcleefdq@mayoclinic.com,Male,255.24.249.65
496,Dom,McDonagh,dmcdonaghdr@google.com,Male,253.54.250.87
497,Llewellyn,Le Franc,llefrancds@linkedin.com,Male,113.31.29.222
498,Elvin,Colclough,ecolcloughdt@admin.ch,Male,79.172.189.131
499,Geoff,Medhurst,gmedhurstdu@yolasite.com,Male,243.205.164.6
500,Raven,Martinson,rmartinsondv@addtoany.com,Female,176.113.60.115
501,Basilius,Tillot,btillotdw@nytimes.com,Male,228.253.104.95
502,Molly,Rase,mrasedx@flickr.com,Female,252.147.51.26
503,Riki,Decourt,rdecourtdy@devhub.com,Female,4.39.91.96
504,Clarke,Lorroway,clorrowaydz@ucoz.ru,Male,254.11.137.213
505,Israel,Going,igoinge0@netscape.com,Male,211.74.65.75
506,Eula,Nisby,enisbye1@ucoz.ru,Female,24.156.185.70
507,Clementius,Jorgensen,cjorgensene2@people.com.cn,Male,145.140.244.137
508,Gay,Pittson,gpittsone3@pen.io,Male,209.139.204.174
509,Fritz,Edards,fedardse4@cornell.edu,Male,182.39.24.190
510,L;urette,Jankowski,ljankowskie5@senate.gov,Female,31.97.42.26
511,Corey,Treadgear,ctreadgeare6@hubpages.com,Female,200.146.203.20
512,Miner,Simion,msimione7@bizjournals.com,Male,137.253.122.232
513,Moses,Stayte,mstaytee8@nhs.uk,Male,207.123.218.32
514,Halsey,Curnock,hcurnocke9@narod.ru,Male,144.8.70.45
515,Guntar,Girvan,ggirvanea@fema.gov,Male,152.217.115.105
516,Leanna,Sangwine,lsangwineeb@wikipedia.org,Female,33.50.234.222
517,Sylas,Allone,salloneec@webeden.co.uk,Male,223.182.210.128
518,Ragnar,Inskipp,rinskipped@blog.com,Male,181.184.162.32
519,Thaddus,Skelly,tskellyee@dropbox.com,Male,93.154.159.76
520,Bobbie,Brosnan,bbrosnanef@whitehouse.gov,Male,92.242.98.87
521,Quinton,Secrett,qsecretteg@dedecms.com,Male,240.160.148.222
522,Mead,Easun,measuneh@ameblo.jp,Female,3.78.9.228
523,Clayborn,Cobbin,ccobbinei@prlog.org,Male,30.111.23.84
524,Jacky,Popley,jpopleyej@umn.edu,Female,102.42.85.42
525,Harri,McCallion,hmccallionek@phpbb.com,Female,82.122.149.44
526,Kevina,Van Arsdall,kvanarsdallel@reference.com,Female,183.192.64.85
527,Lukas,Millichap,lmillichapem@51.la,Male,108.97.218.103
528,Phylis,de Marco,pdemarcoen@umn.edu,Female,159.247.44.155
529,Danny,Hovie,dhovieeo@youtube.com,Male,135.24.134.72
530,Mavra,Arran,marranep@e-recht24.de,Female,250.116.81.50
531,Karel,Attkins,kattkinseq@nbcnews.com,Male,80.208.97.59
532,Kari,Vanyashkin,kvanyashkiner@wix.com,Female,115.210.46.227
533,Griffith,Taylo,gtayloes@wiley.com,Male,239.156.132.34
534,Novelia,Seiter,nseiteret@php.net,Female,176.53.230.26
535,Adrea,Davitt,adavitteu@e-recht24.de,Female,72.198.179.108
536,Christopher,Mansbridge,cmansbridgeev@soup.io,Male,175.68.171.98
537,Eran,Bastiman,ebastimanew@symantec.com,Female,169.137.27.154
538,Cody,Emptage,cemptageex@globo.com,Male,55.46.126.53
539,Mike,Todarini,mtodariniey@cnbc.com,Male,26.207.96.208
540,Merv,Lux,mluxez@wordpress.org,Male,184.37.159.246
541,Calla,Goch,cgochf0@un.org,Female,172.79.18.169
542,Timothee,Warlton,twarltonf1@slideshare.net,Male,53.63.188.184
543,Madeleine,Mariner,mmarinerf2@geocities.com,Female,60.78.244.191
544,Kissiah,Casiero,kcasierof3@github.com,Female,128.151.87.93
545,Asher,Hambidge,ahambidgef4@posterous.com,Male,183.65.158.214
546,Daryl,Voase,dvoasef5@businesswire.com,Female,226.104.76.97
547,Bogey,Rayman,braymanf6@ihg.com,Male,123.146.233.204
548,Meridith,Sterman,mstermanf7@rakuten.co.jp,Female,238.15.189.185
549,Federica,Neagle,fneaglef8@whitehouse.gov,Female,92.222.76.208
550,Prince,Coners,pconersf9@wufoo.com,Male,6.144.25.45
551,Barthel,Gresham,bgreshamfa@nps.gov,Male,210.249.248.202
552,Toiboid,Watson-Brown,twatsonbrownfb@ca.gov,Male,188.112.208.154
553,Clemmy,Hayball,chayballfc@vimeo.com,Male,9.237.143.17
554,Loralee,Batrick,lbatrickfd@china.com.cn,Female,42.6.150.115
555,Ileane,Origan,ioriganfe@multiply.com,Female,33.63.193.31
556,Eugenio,Foffano,efoffanoff@answers.com,Male,79.8.206.191
557,Kayla,Cornewell,kcornewellfg@ameblo.jp,Female,248.58.138.178
558,Corry,Endle,cendlefh@mit.edu,Female,112.154.131.158
559,Callida,Boriston,cboristonfi@constantcontact.com,Female,81.122.208.9
560,Alyse,Ferrotti,aferrottifj@aboutads.info,Female,104.228.99.117
561,Sascha,Texton,stextonfk@utexas.edu,Male,190.70.155.101
562,Sigmund,Tesh,steshfl@over-blog.com,Male,138.58.182.160
563,Rudiger,Onele,ronelefm@senate.gov,Male,133.146.27.82
564,Mallory,Tyne,mtynefn@pinterest.com,Female,144.237.147.39
565,Kinnie,Tejada,ktejadafo@hatena.ne.jp,Male,40.90.160.225
566,Florella,Paoletto,fpaolettofp@is.gd,Female,198.239.54.73
567,Kahaleel,Vernau,kvernaufq@liveinternet.ru,Male,176.105.87.99
568,Alys,Dagg,adaggfr@hugedomains.com,Female,203.49.251.220
569,Georgetta,McGahy,gmcgahyfs@alexa.com,Female,133.35.198.226
570,Rupert,Dibbe,rdibbeft@cnbc.com,Male,22.176.179.38
571,Burg,Blockey,bblockeyfu@unesco.org,Male,229.126.147.27
572,Corrie,Metts,cmettsfv@baidu.com,Male,142.228.147.232
573,Fayina,Nolin,fnolinfw@bloglines.com,Female,15.43.127.174
574,Merv,Whiskin,mwhiskinfx@goo.gl,Male,125.5.123.95
575,Emile,Kattenhorn,ekattenhornfy@1688.com,Male,26.139.108.193
576,Webb,Margrem,wmargremfz@jugem.jp,Male,97.11.180.92
577,Angelo,Overstall,aoverstallg0@taobao.com,Male,18.102.51.44
578,Kellby,Barthel,kbarthelg1@example.com,Male,171.11.245.19
579,Bess,Lindley,blindleyg2@t-online.de,Female,105.110.252.246
580,Lia,Moylan,lmoylang3@devhub.com,Female,150.66.19.163
581,Sileas,McTaggart,smctaggartg4@wix.com,Female,43.209.211.160
582,Arman,Mougin,amouging5@list-manage.com,Male,103.196.7.121
583,Jackie,Gamble,jgambleg6@craigslist.org,Female,24.227.87.16
584,Kerianne,Teacy,kteacyg7@wikipedia.org,Female,202.213.206.238
585,Alexandrina,Rudsdell,arudsdellg8@zimbio.com,Female,246.247.252.246
586,Heinrick,Michieli,hmichielig9@opera.com,Male,215.204.47.198
587,Rockie,Corless,rcorlessga@furl.net,Male,84.188.38.111
588,Danya,Bricket,dbricketgb@4shared.com,Female,138.59.156.70
589,Rose,Moralas,rmoralasgc@state.gov,Female,248.76.24.67
590,Kasper,Stowgill,kstowgillgd@mapy.cz,Male,141.248.185.93
591,Camel,Stanwix,cstanwixge@google.ca,Female,74.4.54.197
592,Halli,Filyashin,hfilyashingf@delicious.com,Female,109.8.92.44
593,Iormina,Boyat,iboyatgg@mozilla.com,Female,211.200.65.17
594,Jourdan,Gault,jgaultgh@ucsd.edu,Female,144.68.179.98
595,Rabbi,Rushmer,rrushmergi@stumbleupon.com,Male,165.53.5.203
596,Nikkie,Craister,ncraistergj@gov.uk,Female,50.181.126.247
597,Gail,Stainton,gstaintongk@instagram.com,Male,238.85.74.204
598,Dorita,Chave,dchavegl@japanpost.jp,Female,53.6.179.51
599,Jdavie,Brende,jbrendegm@google.pl,Male,93.136.140.117
600,Salomon,Dearnly,sdearnlygn@elegantthemes.com,Male,204.167.14.75
601,Shanda,McAndie,smcandiego@cnbc.com,Female,65.136.38.118
602,Reinhold,Bukac,rbukacgp@nih.gov,Male,168.33.53.109
603,Eleanor,Boeter,eboetergq@bing.com,Female,48.130.86.94
604,Keene,Itchingham,kitchinghamgr@msn.com,Male,90.53.210.192
605,Niccolo,Bedin,nbedings@prweb.com,Male,175.175.152.49
606,Doralin,Wedderburn,dwedderburngt@spotify.com,Female,166.152.126.168
607,Martita,Linstead,mlinsteadgu@homestead.com,Female,63.12.75.214
608,Garner,Yuranovev,gyuranovevgv@hubpages.com,Male,3.178.30.142
609,Betsey,Stower,bstowergw@meetup.com,Female,255.145.65.55
610,Colette,Cattrell,ccattrellgx@unicef.org,Female,234.251.180.68
611,Pedro,Coveley,pcoveleygy@usgs.gov,Male,138.253.204.56
612,Mae,Peidro,mpeidrogz@histats.com,Female,177.130.175.2
613,Gabrila,McGaughey,gmcgaugheyh0@csmonitor.com,Female,199.182.134.107
614,Hartley,Hiscoke,hhiscokeh1@nature.com,Male,106.255.160.132
615,Almeria,Alebrooke,aalebrookeh2@yolasite.com,Female,201.5.253.50
616,Bertine,Jirsa,bjirsah3@ycombinator.com,Female,192.85.250.13
617,Simonne,Redhills,sredhillsh4@w3.org,Female,77.240.111.72
618,Elihu,Dollin,edollinh5@yellowpages.com,Male,46.121.161.22
619,Alverta,Prangnell,aprangnellh6@mapy.cz,Female,98.7.72.176
620,Rourke,Brelsford,rbrelsfordh7@amazonaws.com,Male,38.136.142.241
621,Basilius,Lifsey,blifseyh8@nature.com,Male,14.243.143.1
622,Raquela,Body,rbodyh9@virginia.edu,Female,69.62.155.132
623,Dick,Lebbern,dlebbernha@pinterest.com,Male,84.216.5.20
624,Ferrel,Pounds,fpoundshb@ucsd.edu,Male,41.227.190.171
625,Marylin,Humberstone,mhumberstonehc@fda.gov,Female,169.219.248.60
626,Shurwood,O'Lenane,solenanehd@surveymonkey.com,Male,30.238.82.183
627,Page,Fasham,pfashamhe@geocities.com,Male,246.94.240.121
628,Pavia,Alti,paltihf@cpanel.net,Female,214.201.164.72
629,Chrisy,Bacup,cbacuphg@ehow.com,Male,5.55.60.138
630,Eugen,Ashton,eashtonhh@angelfire.com,Male,249.82.186.175
631,Tedd,Scardefield,tscardefieldhi@businesswire.com,Male,138.23.156.138
632,Vernor,Crowne,vcrownehj@wikispaces.com,Male,219.130.161.219
633,Jobye,Regelous,jregeloushk@e-recht24.de,Female,59.146.39.207
634,Yancey,Blinckhorne,yblinckhornehl@1688.com,Male,156.230.229.8
635,Rachel,Greenhaugh,rgreenhaughhm@earthlink.net,Female,25.210.193.213
636,Cristian,Farron,cfarronhn@bbb.org,Male,54.153.242.148
637,Anatole,Kausche,akauscheho@rakuten.co.jp,Male,69.167.87.210
638,Koressa,Avrahamov,kavrahamovhp@java.com,Female,153.223.2.135
639,Rubetta,Paddie,rpaddiehq@bigcartel.com,Female,136.56.174.130
640,Mohammed,Worms,mwormshr@google.cn,Male,159.201.194.242
641,Grannie,Hayball,ghayballhs@seesaa.net,Male,138.135.179.32
642,Kele,Dupoy,kdupoyht@engadget.com,Male,70.21.92.47
643,Reider,Sheriff,rsheriffhu@exblog.jp,Male,156.166.87.43
644,Charlie,Fortin,cfortinhv@nasa.gov,Male,38.87.2.62
645,Alice,Sprigings,asprigingshw@bbc.co.uk,Female,103.137.4.108
646,Herbie,D'Angeli,hdangelihx@hostgator.com,Male,103.222.86.66
647,Marci,Phipson,mphipsonhy@parallels.com,Female,184.138.4.153
648,Roxana,Josefowicz,rjosefowiczhz@nifty.com,Female,90.27.82.99
649,Nelli,Eames,neamesi0@wisc.edu,Female,16.1.91.159
650,Arabele,Mertsching,amertschingi1@simplemachines.org,Female,195.239.226.86
651,Clari,Need,cneedi2@dyndns.org,Female,217.219.20.64
652,Christalle,Slarke,cslarkei3@google.fr,Female,239.158.25.150
653,Hammad,Northleigh,hnorthleighi4@baidu.com,Male,78.47.177.82
654,Zorah,Klaaasen,zklaaaseni5@google.com.hk,Female,194.197.80.23
655,Trude,Paulin,tpaulini6@epa.gov,Female,187.120.210.182
656,Isaiah,Penhalurick,ipenhaluricki7@fc2.com,Male,7.9.172.104
657,Mina,Drysdall,mdrysdalli8@wikispaces.com,Female,145.110.157.33
658,Aaron,Rhodes,arhodesi9@diigo.com,Male,27.247.26.221
659,Ker,Perot,kperotia@printfriendly.com,Male,52.224.117.248
660,Crichton,Koppes,ckoppesib@washingtonpost.com,Male,240.170.200.225
661,Menard,Root,mrootic@homestead.com,Male,124.85.92.239
662,Kathrine,Muro,kmuroid@1und1.de,Female,7.111.81.45
663,Latrina,Saltsberg,lsaltsbergie@1und1.de,Female,4.134.200.47
664,Tracee,Revance,trevanceif@artisteer.com,Female,63.83.199.42
665,Jarrad,Stuck,jstuckig@cbc.ca,Male,195.235.9.248
666,Abigael,Dingsdale,adingsdaleih@ovh.net,Female,54.235.222.195
667,Kaiser,Jurn,kjurnii@biglobe.ne.jp,Male,141.31.99.24
668,Dasi,Bodsworth,dbodsworthij@washingtonpost.com,Female,181.208.183.255
669,Daisey,Vearncombe,dvearncombeik@google.co.jp,Female,180.205.108.173
670,Prent,Swynfen,pswynfenil@cpanel.net,Male,180.54.189.4
671,Florentia,Kubalek,fkubalekim@jigsy.com,Female,127.181.57.216
672,De,Donovan,ddonovanin@nature.com,Female,243.192.115.189
673,Jackelyn,Grabiec,jgrabiecio@unc.edu,Female,70.34.82.132
674,Amble,Britton,abrittonip@hao123.com,Male,145.177.123.101
675,Audrye,Grishenkov,agrishenkoviq@merriam-webster.com,Female,68.91.49.110
676,Dena,Sellwood,dsellwoodir@multiply.com,Female,37.158.255.206
677,Gelya,Merriton,gmerritonis@dedecms.com,Female,112.4.225.47
678,Vanni,Peppin,vpeppinit@constantcontact.com,Female,147.92.150.97
679,Maddi,Claiton,mclaitoniu@google.de,Female,30.195.252.219
680,Westbrooke,Curzey,wcurzeyiv@w3.org,Male,244.22.30.5
681,Lianna,Wandrach,lwandrachiw@bigcartel.com,Female,244.198.209.42
682,Monro,Quested,mquestedix@redcross.org,Male,109.190.26.53
683,Wileen,Gebby,wgebbyiy@quantcast.com,Female,212.168.132.4
684,Olympe,Firebrace,ofirebraceiz@tinypic.com,Female,90.158.13.78
685,Ansley,Wintersgill,awintersgillj0@wikispaces.com,Female,16.221.221.66
686,Minni,Gobel,mgobelj1@odnoklassniki.ru,Female,71.177.17.171
687,Lyndy,Kosel,lkoselj2@apache.org,Female,98.0.120.19
688,Pavel,Ingree,pingreej3@wired.com,Male,45.75.41.166
689,Alva,Munning,amunningj4@phoca.cz,Male,242.179.68.119
690,Cele,Semechik,csemechikj5@squarespace.com,Female,11.24.165.220
691,Mariska,Blampied,mblampiedj6@cdc.gov,Female,110.149.17.67
692,Che,Pickerin,cpickerinj7@barnesandnoble.com,Male,86.228.128.105
693,Allayne,Potten,apottenj8@skype.com,Male,43.11.127.21
694,Lynne,Le Pruvost,llepruvostj9@cyberchimps.com,Female,219.177.74.105
695,Leilah,Hedworth,lhedworthja@state.gov,Female,168.253.201.118
696,Brandtr,Darwin,bdarwinjb@wufoo.com,Male,53.169.224.132
697,Dickie,Pentycross,dpentycrossjc@europa.eu,Male,170.103.50.170
698,Sayres,Cristofor,scristoforjd@creativecommons.org,Male,3.113.24.65
699,Vladimir,Brickstock,vbrickstockje@qq.com,Male,4.240.173.198
700,Alayne,Melsom,amelsomjf@hexun.com,Female,84.96.21.43
701,Emmy,Galbraeth,egalbraethjg@webnode.com,Male,248.131.153.77
702,Regine,Largen,rlargenjh@tinyurl.com,Female,187.205.238.198
703,Sawyer,Crummy,scrummyji@loc.gov,Male,171.16.140.89
704,Rivy,Richt,rrichtjj@dailymotion.com,Female,126.47.170.127
705,Waylan,Darrington,wdarringtonjk@mac.com,Male,163.189.179.84
706,Nico,Corradetti,ncorradettijl@mediafire.com,Male,116.124.168.57
707,Angelle,Timmes,atimmesjm@accuweather.com,Female,95.37.12.129
708,Jorge,Ranaghan,jranaghanjn@hexun.com,Male,200.200.103.251
709,Dot,Clemson,dclemsonjo@answers.com,Female,105.207.172.7
710,Orv,Bold,oboldjp@mit.edu,Male,32.71.202.7
711,Rosemary,Kinforth,rkinforthjq@ed.gov,Female,144.14.79.24
712,Pierette,Rabley,prableyjr@japanpost.jp,Female,48.215.40.4
713,Adan,Deller,adellerjs@alexa.com,Female,76.191.48.225
714,Ximenes,Braam,xbraamjt@nifty.com,Male,134.165.204.52
715,Lilia,Brownstein,lbrownsteinju@hud.gov,Female,105.170.171.177
716,Moyna,Bellew,mbellewjv@artisteer.com,Female,237.135.164.249
717,Katlin,Swithenby,kswithenbyjw@addthis.com,Female,148.0.11.11
718,Vincenz,McGinney,vmcginneyjx@howstuffworks.com,Male,60.192.104.57
719,Vladimir,Aleksich,valeksichjy@cocolog-nifty.com,Male,223.143.171.120
720,Kassandra,Simone,ksimonejz@pen.io,Female,45.67.152.123
721,Faythe,Dabbes,fdabbesk0@printfriendly.com,Female,156.170.70.99
722,Alika,Hruska,ahruskak1@google.it,Female,179.56.81.90
723,Adams,Moors,amoorsk2@xrea.com,Male,125.48.240.106
724,Jocelin,Crepin,jcrepink3@chronoengine.com,Female,146.49.73.102
725,Melisande,Chiese,mchiesek4@narod.ru,Female,211.255.104.197
726,Wilbur,Edger,wedgerk5@ovh.net,Male,244.88.8.52
727,Brenn,Skase,bskasek6@etsy.com,Female,66.38.9.32
728,Tana,Batcheldor,tbatcheldork7@bravesites.com,Female,170.42.111.162
729,Allyn,Radbourne,aradbournek8@time.com,Female,23.62.3.142
730,Morten,Comini,mcominik9@google.co.jp,Male,41.99.203.160
731,Nicolai,Boame,nboameka@wp.com,Male,172.231.135.152
732,Kaspar,Wicklin,kwicklinkb@live.com,Male,195.204.166.255
733,Terrie,Wardall,twardallkc@irs.gov,Female,232.221.207.97
734,Lind,Cranham,lcranhamkd@sun.com,Male,43.243.118.1
735,Basil,Toombes,btoombeske@squidoo.com,Male,202.18.234.218
736,Renato,Lowy,rlowykf@mit.edu,Male,184.91.126.39
737,Casey,Haysham,chayshamkg@last.fm,Female,113.49.141.138
738,Thaine,Odhams,todhamskh@wufoo.com,Male,117.191.149.216
739,Allayne,Ericssen,aericssenki@blog.com,Male,210.54.255.7
740,Marena,Mordy,mmordykj@angelfire.com,Female,224.30.200.41
741,Concettina,Kaspar,ckasparkk@pagesperso-orange.fr,Female,153.13.78.55
742,Felizio,Brumbye,fbrumbyekl@nsw.gov.au,Male,124.143.87.196
743,Gennifer,Origin,goriginkm@taobao.com,Female,153.174.86.68
744,Norah,Lucus,nlucuskn@house.gov,Female,224.219.239.189
745,Petr,Surr,psurrko@theglobeandmail.com,Male,109.99.133.183
746,Rolfe,Gawen,rgawenkp@webnode.com,Male,67.83.100.45
747,Rogerio,Feaviour,rfeaviourkq@zdnet.com,Male,193.6.172.147
748,Matty,Skill,mskillkr@eventbrite.com,Female,97.123.29.203
749,Lonny,Isakovitch,lisakovitchks@feedburner.com,Male,119.109.92.134
750,Barney,Greensite,bgreensitekt@oaic.gov.au,Male,7.212.216.146
751,Neil,Saywood,nsaywoodku@kickstarter.com,Male,152.235.159.10
752,Lena,Congdon,lcongdonkv@163.com,Female,101.155.105.135
753,Jock,Faulder,jfaulderkw@amazon.de,Male,105.70.37.193
754,See,Lorey,sloreykx@about.com,Male,206.114.120.85
755,Evonne,Gilhespy,egilhespyky@usnews.com,Female,165.49.165.142
756,Rudd,Simyson,rsimysonkz@mit.edu,Male,166.89.200.208
757,Mathilda,Ledrane,mledranel0@noaa.gov,Female,42.157.212.39
758,Paquito,Gillison,pgillisonl1@cdbaby.com,Male,23.155.179.156
759,Winslow,Spir,wspirl2@technorati.com,Male,218.53.247.73
760,Holt,Ollet,holletl3@netlog.com,Male,180.53.93.28
761,Karol,Dellar,kdellarl4@prnewswire.com,Female,242.108.130.212
762,Reube,Fiddeman,rfiddemanl5@amazon.com,Male,102.116.246.132
763,Madelina,Farraway,mfarrawayl6@tamu.edu,Female,74.32.20.26
764,Tiebold,Franciskiewicz,tfranciskiewiczl7@de.vu,Male,134.129.35.220
765,Shelbi,Story,sstoryl8@blogspot.com,Female,145.103.183.12
766,Georgi,Rossant,grossantl9@yahoo.co.jp,Male,116.1.30.151
767,Vinni,Skone,vskonela@yahoo.com,Female,23.180.252.210
768,Lindsey,Hellens,lhellenslb@businessinsider.com,Male,96.13.237.219
769,Bryn,Fessier,bfessierlc@yolasite.com,Female,140.150.178.37
770,Angel,Hancorn,ahancornld@unblog.fr,Male,13.231.92.75
771,Shellysheldon,Ponceford,sponcefordle@globo.com,Male,199.72.20.6
772,Catherin,Hardwick,chardwicklf@dagondesign.com,Female,214.112.54.14
773,Rolland,Loache,rloachelg@nbcnews.com,Male,157.38.56.64
774,Shermy,Dear,sdearlh@craigslist.org,Male,242.147.233.94
775,Evelina,Mc Grath,emcgrathli@studiopress.com,Female,2.189.49.248
776,Jobey,Peirpoint,jpeirpointlj@imgur.com,Female,211.129.228.205
777,Clementina,Clitheroe,cclitheroelk@foxnews.com,Female,229.23.42.222
778,Ros,Tappington,rtappingtonll@canalblog.com,Female,156.127.151.10
779,Linc,Cash,lcashlm@barnesandnoble.com,Male,121.215.55.139
780,Robby,Stavers,rstaversln@ucla.edu,Male,219.28.199.83
781,Germana,Doyley,gdoyleylo@nifty.com,Female,152.99.25.57
782,Rahal,Bartczak,rbartczaklp@jigsy.com,Female,183.217.243.70
783,Ettie,Ringsell,eringselllq@nationalgeographic.com,Female,2.145.39.132
784,Haleigh,Frankel,hfrankellr@1und1.de,Male,182.162.75.33
785,Stefano,Swin,sswinls@washingtonpost.com,Male,117.60.240.180
786,Eziechiele,Meanwell,emeanwelllt@wp.com,Male,90.0.242.24
787,Daniella,Weigh,dweighlu@ucla.edu,Female,229.165.108.54
788,Jasun,Andrys,jandryslv@sitemeter.com,Male,230.56.250.240
789,Hetti,Hamblyn,hhamblynlw@youku.com,Female,43.178.71.115
790,Modesty,Valance,mvalancelx@etsy.com,Female,94.39.187.250
791,Sarene,Labb,slabbly@nydailynews.com,Female,247.96.232.31
792,Sonni,Romanin,sromaninlz@discovery.com,Female,132.30.217.4
793,Robinette,Folling,rfollingm0@usnews.com,Female,95.108.143.141
794,Michele,Bodycombe,mbodycombem1@java.com,Female,46.84.69.213
795,Yehudit,Ainsworth,yainsworthm2@yellowbook.com,Male,120.199.9.218
796,Saidee,Sandey,ssandeym3@biblegateway.com,Female,198.44.236.139
797,Westbrooke,Lukianovich,wlukianovichm4@wiley.com,Male,41.78.17.243
798,Hildegarde,Pentercost,hpentercostm5@chron.com,Female,10.195.153.10
799,Henka,Stollenbeck,hstollenbeckm6@fc2.com,Female,109.31.127.106
800,Miller,Felgat,mfelgatm7@amazon.co.jp,Male,86.150.165.228
801,Lillian,Geekin,lgeekinm8@toplist.cz,Female,72.248.125.85
802,Paten,Searjeant,psearjeantm9@census.gov,Male,144.213.141.125
803,Devlen,Hlavecek,dhlavecekma@archive.org,Male,129.65.97.148
804,Alyce,Rudwell,arudwellmb@tripadvisor.com,Female,158.217.106.166
805,Des,Samsonsen,dsamsonsenmc@si.edu,Male,47.99.189.158
806,Crysta,Fowlston,cfowlstonmd@scribd.com,Female,154.154.216.235
807,Cathy,Lemon,clemonme@people.com.cn,Female,216.153.1.189
808,Thekla,Fyers,tfyersmf@rakuten.co.jp,Female,34.43.143.137
809,Alfonse,McClean,amccleanmg@pen.io,Male,81.244.182.119
810,Seymour,Millier,smilliermh@irs.gov,Male,191.131.12.20
811,Jesse,Wynett,jwynettmi@spiegel.de,Male,9.13.115.74
812,Percy,Thyng,pthyngmj@mtv.com,Male,21.215.24.19
813,Cesya,Wickersley,cwickersleymk@hubpages.com,Female,86.79.25.172
814,Valaria,Testo,vtestoml@intel.com,Female,188.50.101.81
815,Cazzie,Penning,cpenningmm@feedburner.com,Male,29.164.231.244
816,Theodor,Divers,tdiversmn@domainmarket.com,Male,196.192.7.42
817,Melody,Serrels,mserrelsmo@csmonitor.com,Female,204.227.197.169
818,Frederic,Stroud,fstroudmp@sciencedirect.com,Male,10.28.93.1
819,Lesly,Tiffin,ltiffinmq@earthlink.net,Female,147.55.201.43
820,Keene,Greenlees,kgreenleesmr@loc.gov,Male,30.70.181.20
821,Hurlee,Danher,hdanherms@symantec.com,Male,248.43.28.197
822,Maria,Oliver,molivermt@msu.edu,Female,87.213.47.75
823,Freddie,Cooney,fcooneymu@ovh.net,Male,139.26.32.37
824,Alva,Ficken,afickenmv@census.gov,Male,119.180.11.72
825,Roobbie,Kneath,rkneathmw@artisteer.com,Female,191.77.94.97
826,Blinny,Chaster,bchastermx@google.com.hk,Female,189.184.217.118
827,Brandice,Blenkharn,bblenkharnmy@salon.com,Female,184.129.141.102
828,Erich,Picken,epickenmz@harvard.edu,Male,199.156.130.31
829,Jacquelyn,Stalf,jstalfn0@goo.gl,Female,64.49.156.148
830,Lovell,Okenden,lokendenn1@360.cn,Male,149.7.88.114
831,Davide,BURWIN,dburwinn2@pagesperso-orange.fr,Male,122.225.82.15
832,Shawna,Lindback,slindbackn3@ucoz.com,Female,192.203.43.224
833,Stewart,De Witt,sdewittn4@youtu.be,Male,137.70.242.244
834,Ulysses,Bruntjen,ubruntjenn5@hexun.com,Male,207.5.242.136
835,Jaynell,Folan,jfolann6@plala.or.jp,Female,200.225.209.255
836,Blaire,Rye,bryen7@tamu.edu,Female,213.43.212.121
837,Fiann,Simmonett,fsimmonettn8@sourceforge.net,Female,150.191.48.192
838,Marylin,McCulley,mmcculleyn9@blog.com,Female,163.0.217.252
839,Bernelle,McQuie,bmcquiena@instagram.com,Female,201.83.20.154
840,Phyllida,Kniveton,pknivetonnb@wix.com,Female,175.112.172.154
841,Lisetta,Woolbrook,lwoolbrooknc@hugedomains.com,Female,93.35.5.31
842,Maddalena,Wedgwood,mwedgwoodnd@discuz.net,Female,65.240.121.153
843,Camel,Ochterlony,cochterlonyne@rambler.ru,Female,174.76.96.137
844,Lonee,Caughey,lcaugheynf@sohu.com,Female,72.193.123.30
845,Karole,Diglin,kdiglinng@businesswire.com,Female,4.108.137.145
846,Avictor,McKew,amckewnh@npr.org,Male,53.121.32.66
847,Kathleen,Aguirrezabala,kaguirrezabalani@macromedia.com,Female,102.247.40.63
848,Kathlin,Aslott,kaslottnj@photobucket.com,Female,234.231.223.188
849,Lind,Bernardes,lbernardesnk@cnn.com,Male,114.122.59.152
850,Thornie,Meneo,tmeneonl@tmall.com,Male,187.85.13.204
851,Ernst,Goodsell,egoodsellnm@geocities.jp,Male,81.147.22.146
852,Zandra,Gunn,zgunnnn@ebay.com,Female,78.41.191.14
853,Frasquito,Flay,fflayno@chron.com,Male,53.168.22.125
854,Gerard,Lorrimer,glorrimernp@sitemeter.com,Male,235.87.240.251
855,Natal,Torfin,ntorfinnq@biblegateway.com,Male,92.213.161.215
856,Chelsea,Ewer,cewernr@ox.ac.uk,Female,242.169.36.127
857,Kellby,Gerner,kgernerns@omniture.com,Male,130.202.176.172
858,Avigdor,Fidal,afidalnt@csmonitor.com,Male,99.175.94.124
859,Cassie,Faley,cfaleynu@geocities.jp,Male,125.163.37.25
860,Egbert,Headington,eheadingtonnv@uol.com.br,Male,200.203.177.189
861,Asher,MacNamee,amacnameenw@ted.com,Male,64.13.54.19
862,Kaspar,Husher,khushernx@nasa.gov,Male,89.241.56.225
863,Dewitt,Dowdle,ddowdleny@squidoo.com,Male,76.179.133.143
864,Layne,Penhalurick,lpenhaluricknz@instagram.com,Female,175.46.152.247
865,Rogerio,Bartelli,rbartellio0@trellian.com,Male,217.175.152.180
866,Cazzie,Yurikov,cyurikovo1@abc.net.au,Male,17.249.56.131
867,Francesca,Wilprecht,fwilprechto2@vkontakte.ru,Female,65.140.110.157
868,Lucilia,Cristou,lcristouo3@delicious.com,Female,185.170.159.33
869,Natalee,Gallear,ngallearo4@tmall.com,Female,210.158.72.189
870,Sibylla,Goor,sgooro5@mit.edu,Female,120.56.161.79
871,Sidoney,Gonsalvo,sgonsalvoo6@livejournal.com,Female,170.177.133.37
872,Bendite,Phillips,bphillipso7@pcworld.com,Female,59.80.204.248
873,Rog,Faussett,rfaussetto8@aboutads.info,Male,110.22.6.32
874,Almeda,Stooke,astookeo9@wikipedia.org,Female,23.215.47.23
875,Teador,Saint,tsaintoa@cbsnews.com,Male,122.27.169.32
876,Darill,Bunner,dbunnerob@unicef.org,Male,117.137.252.212
877,Thurstan,Meeson,tmeesonoc@163.com,Male,25.139.209.80
878,Fabio,Isaak,fisaakod@gov.uk,Male,36.104.219.131
879,Conrad,Harnett,charnettoe@hhs.gov,Male,228.212.51.241
880,Paola,Bowry,pbowryof@virginia.edu,Female,67.43.122.106
881,Kahlil,Stebbins,kstebbinsog@amazon.co.jp,Male,222.47.198.101
882,Alikee,Balloch,aballochoh@house.gov,Female,186.138.4.11
883,Micheil,Skitch,mskitchoi@dailymail.co.uk,Male,190.6.162.8
884,Salomon,Berzon,sberzonoj@sohu.com,Male,209.24.69.218
885,Lucie,McMorran,lmcmorranok@patch.com,Female,234.144.222.42
886,Babita,Cowderoy,bcowderoyol@mozilla.org,Female,22.47.32.224
887,Stearn,Bardwell,sbardwellom@4shared.com,Male,241.192.56.101
888,Sioux,Dempsey,sdempseyon@weebly.com,Female,137.237.72.34
889,Kim,Lansly,klanslyoo@live.com,Male,225.108.59.227
890,Margo,Foskett,mfoskettop@4shared.com,Female,142.50.236.24
891,Vinny,Campany,vcampanyoq@google.ru,Female,53.245.177.145
892,Feodora,Cockshutt,fcockshuttor@independent.co.uk,Female,17.237.38.189
893,Honey,Poundsford,hpoundsfordos@unblog.fr,Female,114.70.142.191
894,Dew,Lince,dlinceot@ebay.co.uk,Male,97.241.149.9
895,Mirilla,Colles,mcollesou@behance.net,Female,62.112.95.107
896,Irving,Klimkov,iklimkovov@wunderground.com,Male,153.22.116.92
897,Ellen,O' Markey,eomarkeyow@nba.com,Female,236.247.212.157
898,Brigida,Woollard,bwoollardox@arizona.edu,Female,112.34.181.5
899,Mechelle,Biever,mbieveroy@t-online.de,Female,122.126.128.228
900,Shena,Robey,srobeyoz@tiny.cc,Female,106.171.188.216
901,Odo,Bollum,obollump0@google.ru,Male,96.232.63.253
902,Sherilyn,Rossander,srossanderp1@topsy.com,Female,80.76.120.90
903,Elijah,Lace,elacep2@home.pl,Male,124.11.147.246
904,Ware,Taynton,wtayntonp3@dailymotion.com,Male,32.130.205.127
905,Judy,Grealy,jgrealyp4@nih.gov,Female,60.223.45.248
906,Hayley,Mack,hmackp5@ocn.ne.jp,Female,74.108.168.84
907,Harriette,McClancy,hmcclancyp6@china.com.cn,Female,41.138.219.172
908,Chrisy,Danett,cdanettp7@wufoo.com,Male,58.161.14.161
909,Galven,Milella,gmilellap8@usnews.com,Male,93.162.85.76
910,Ola,Turbitt,oturbittp9@networksolutions.com,Female,205.129.141.109
911,Emmanuel,Heaney,eheaneypa@google.com.au,Male,147.62.155.52
912,Caresa,Throssell,cthrossellpb@ted.com,Female,11.4.71.224
913,Ree,Maffi,rmaffipc@sciencedirect.com,Female,23.61.179.118
914,Alyda,Willcot,awillcotpd@youku.com,Female,210.112.63.244
915,Velvet,Ollet,volletpe@lulu.com,Female,205.103.101.206
916,Palm,Nairns,pnairnspf@mail.ru,Male,235.120.39.189
917,Zebulon,Epgrave,zepgravepg@accuweather.com,Male,101.88.157.173
918,Lorant,Atmore,latmoreph@etsy.com,Male,23.177.102.178
919,Elmore,Paulus,epauluspi@ucsd.edu,Male,61.91.178.133
920,Manfred,Jiricka,mjirickapj@51.la,Male,206.153.36.233
921,Maurice,McMurraya,mmcmurrayapk@bizjournals.com,Male,37.91.84.142
922,Jacquenetta,Brindle,jbrindlepl@cocolog-nifty.com,Female,1.14.47.149
923,Hazel,Wallett,hwallettpm@cdbaby.com,Male,123.103.187.143
924,Nataline,McFee,nmcfeepn@canalblog.com,Female,60.93.216.71
925,Daveta,Theaker,dtheakerpo@xing.com,Female,49.18.225.142
926,Stephana,Luckcuck,sluckcuckpp@apple.com,Female,46.146.161.149
927,Seward,Tregunnah,stregunnahpq@hud.gov,Male,143.85.22.229
928,Abdel,Colthard,acolthardpr@odnoklassniki.ru,Male,68.190.155.85
929,Chrisy,Janauschek,cjanauschekps@4shared.com,Male,54.79.30.92
930,Merrie,D'Abbot-Doyle,mdabbotdoylept@tumblr.com,Female,76.227.70.207
931,Larry,Orchard,lorchardpu@va.gov,Male,238.57.178.150
932,Kali,Doud,kdoudpv@unicef.org,Female,130.6.86.173
933,Cacilia,Wayte,cwaytepw@reverbnation.com,Female,109.39.253.109
934,Modestine,Brook,mbrookpx@apache.org,Female,122.132.29.185
935,Nikki,Klampk,nklampkpy@accuweather.com,Female,208.10.180.225
936,Kass,MacLice,kmaclicepz@latimes.com,Female,78.153.64.117
937,Jobey,Garry,jgarryq0@instagram.com,Female,160.119.93.40
938,Charla,Liddicoat,cliddicoatq1@marketwatch.com,Female,213.1.69.183
939,Codie,Augustine,caugustineq2@army.mil,Female,120.198.100.40
940,Lynette,Ranken,lrankenq3@techcrunch.com,Female,43.31.56.59
941,Aleece,Van Arsdall,avanarsdallq4@shinystat.com,Female,211.73.118.111
942,Bennie,Dollman,bdollmanq5@nba.com,Female,151.126.139.23
943,Tarah,Graver,tgraverq6@unesco.org,Female,16.99.1.126
944,Creight,Nerger,cnergerq7@netscape.com,Male,110.168.191.158
945,Gene,Carhart,gcarhartq8@shutterfly.com,Female,55.164.127.255
946,Pip,Gregorowicz,pgregorowiczq9@wix.com,Male,73.208.43.93
947,Art,Streatfield,astreatfieldqa@edublogs.org,Male,49.147.11.60
948,Montague,Goroni,mgoroniqb@indiatimes.com,Male,26.40.229.150
949,Regan,Awde,rawdeqc@linkedin.com,Male,160.254.89.166
950,Joseito,Schlagtmans,jschlagtmansqd@oracle.com,Male,103.227.106.225
951,Elias,Lawlee,elawleeqe@ifeng.com,Male,26.34.168.218
952,North,Colledge,ncolledgeqf@samsung.com,Male,113.219.129.160
953,Aluino,McMaster,amcmasterqg@123-reg.co.uk,Male,176.222.220.230
954,Salaidh,Whanstall,swhanstallqh@moonfruit.com,Female,65.175.138.165
955,Dwayne,Laurencot,dlaurencotqi@virginia.edu,Male,17.77.205.24
956,Marni,Sumsion,msumsionqj@dailymotion.com,Female,175.7.29.178
957,Rici,Elcox,relcoxqk@bizjournals.com,Female,227.123.106.242
958,Letty,Dradey,ldradeyql@trellian.com,Female,111.1.5.72
959,Darrell,McCarl,dmccarlqm@prlog.org,Male,73.4.194.216
960,Willamina,Bartoleyn,wbartoleynqn@digg.com,Female,222.139.55.122
961,Florida,Hallas,fhallasqo@homestead.com,Female,98.122.206.187
962,Ernesta,Brauner,ebraunerqp@exblog.jp,Female,239.179.228.91
963,Eustace,LeEstut,eleestutqq@weebly.com,Male,68.138.160.196
964,Josy,Parman,jparmanqr@opensource.org,Female,51.150.108.59
965,Orin,Olenikov,oolenikovqs@psu.edu,Male,177.98.240.171
966,Roger,Penchen,rpenchenqt@hp.com,Male,78.230.245.247
967,Debbie,Tinson,dtinsonqu@mapquest.com,Female,165.53.166.108
968,Dalli,Cescon,dcesconqv@pagesperso-orange.fr,Male,190.68.16.22
969,Terrance,Skoyles,tskoylesqw@patch.com,Male,227.96.215.176
970,Minda,Collaton,mcollatonqx@studiopress.com,Female,22.198.234.162
971,Luci,Biever,lbieverqy@barnesandnoble.com,Female,194.178.50.198
972,Randi,Sirman,rsirmanqz@admin.ch,Female,181.107.178.146
973,Romona,Ettles,rettlesr0@creativecommons.org,Female,199.152.247.110
974,Valentina,Dyas,vdyasr1@fotki.com,Female,117.26.121.250
975,Benny,Slograve,bslograver2@uol.com.br,Female,48.104.193.108
976,Peggie,Ferrillio,pferrillior3@constantcontact.com,Female,87.64.32.79
977,Paquito,Pawlicki,ppawlickir4@dyndns.org,Male,54.6.36.110
978,Megan,McGauhy,mmcgauhyr5@ovh.net,Female,168.92.194.241
979,Dionisio,Symington,dsymingtonr6@digg.com,Male,113.15.209.235
980,Chad,Davall,cdavallr7@surveymonkey.com,Male,147.196.69.35
981,Hephzibah,Gilbanks,hgilbanksr8@amazon.com,Female,132.190.196.45
982,Kaylil,Lidstone,klidstoner9@is.gd,Female,184.61.33.56
983,Wakefield,McKimmie,wmckimmiera@house.gov,Male,71.232.238.70
984,Quinn,Locock,qlocockrb@gnu.org,Male,15.82.183.130
985,Valma,Organ,vorganrc@slideshare.net,Female,169.102.143.96
986,Rowen,Hitzschke,rhitzschkerd@senate.gov,Male,97.162.110.46
987,Xaviera,Millyard,xmillyardre@quantcast.com,Female,195.128.171.127
988,Terry,Baxill,tbaxillrf@digg.com,Female,59.244.95.243
989,Granville,Wadly,gwadlyrg@timesonline.co.uk,Male,79.201.107.112
990,Adora,MacKimmie,amackimmierh@gov.uk,Female,125.187.76.236
991,Giralda,Eddisforth,geddisforthri@t.co,Female,83.0.131.160
992,Daphene,Pafford,dpaffordrj@cbslocal.com,Female,34.42.244.63
993,Rory,Wheaton,rwheatonrk@discovery.com,Male,17.233.101.209
994,Gottfried,Lacasa,glacasarl@addtoany.com,Male,254.196.32.142
995,Laryssa,Younger,lyoungerrm@is.gd,Female,175.249.129.18
996,Kingston,Bruntje,kbruntjern@360.cn,Male,163.19.41.149
997,Joanna,Avison,javisonro@msn.com,Female,67.228.22.223
998,Gannon,Joyner,gjoynerrp@rediff.com,Male,83.181.130.143
999,Howard,Graber,hgraberrq@ycombinator.com,Male,10.217.33.157
1000,Balduin,Purselowe,bpurselowerr@comcast.net,Male,21.91.83.150
